CompanyName,JobTitle,JobUrl,Skills
UltraPlay,Junior JavaScript Developer,https://dev.bg/company/jobads/ultraplay-junior-javascript-developer/,"Frontend Development, Junior / Intern, JavaScript"
Energize Global Services (EGS),Junior Developer,https://dev.bg/company/jobads/energize-global-services-junior-developer/,"Fullstack Development, Junior / Intern, Python, JavaScript"
Questers,Junior/Mid JavaScript Engineer,https://dev.bg/company/jobads/questers-junior-mid-javascript-engineer/,"Frontend Development, Junior / Intern, JavaScript"
ST6,Junior Full-Stack Software Craftspeople,https://dev.bg/company/jobads/st62-st6-junior-software-engineer/,"Fullstack Development, Junior / Intern, Node.js, JavaScript, React"
App Streams,Junior React Developer,https://dev.bg/company/jobads/app-streams-junior-react-developer/,"Frontend Development, Junior / Intern, JavaScript, React"
Gtmhub,Junior Software Engineer,https://dev.bg/company/jobads/gtmhub-junior-software-engineer-growth-team-2/,"Fullstack Development, Junior / Intern, JavaScript"
Gtmhub,Junior Software Engineer (Growth Team),https://dev.bg/company/jobads/gtmhub-junior-software-engineer-growth-team/,"Fullstack Development, Junior / Intern, JavaScript"
Progress,Junior Software Engineer – Your Account,https://dev.bg/company/jobads/progress-junior-software-engineer-your-account/,"Fullstack Development, Junior / Intern, .NET, JavaScript, Angular"
Experian,Junior Software Engineer – PowerCurve Collections Software Engineering Group,https://dev.bg/company/jobads/experian-junior-software-engineer-powercurve-collections-software-engineering-group/,"Java, Fullstack Development, Junior / Intern, JavaScript"
MentorMate,Junior Full-Stack Developer,https://dev.bg/company/jobads/mentormate-junior-full-stack-developer/,"Fullstack Development, Junior / Intern, JavaScript"
Strypes,Junior Python Developer,https://dev.bg/company/jobads/strypes-junior-python-developer/,"Junior / Intern, Python, Backend Development"
Strypes,Junior Python Developer with Django,https://dev.bg/company/jobads/strypes-junior-python-developer-with-django/,"Junior / Intern, Python, Backend Development"
Adastra,Junior Python Developer,https://dev.bg/company/jobads/adastra-junior-python-developer-3/,"Junior / Intern, Python, Backend Development"
Move Digital,(Junior) Natural Language Programmer,https://dev.bg/company/jobads/move-digital-junior-natural-language-programmer/,"Java, Junior / Intern, Python, Backend Development"
Accenture Bulgaria,Junior Web Developer (Server-Side JavaScript),https://dev.bg/company/jobads/accenture-bulgaria-junior-web-developer-server-side-javascript/,"Fullstack Development, Junior / Intern, Node.js, JavaScript"
Transmetrics,Junior Software Developer,https://dev.bg/company/jobads/transmetrics-junior-software-developer/,"Java, Fullstack Development, Junior / Intern, JavaScript"
Pliant.io,Junior Front-end Developer (Angular),https://dev.bg/company/jobads/pliant-io-junior-front-end-developer-angular/,"Frontend Development, Junior / Intern, JavaScript, Angular"
Spinup,Junior Front-End Developer,https://dev.bg/company/jobads/spinup-junior-front-end-developer/,"Frontend Development, Junior / Intern, HTML/CSS, JavaScript"
OfficeRnD,Junior Frontend Developer,https://dev.bg/company/jobads/officernd-junior-frontend-developer/,"Frontend Development, Junior / Intern, JavaScript"
e-Card,Junior Front-End Developer,https://dev.bg/company/jobads/e-card-junior-front-end-developer/,"Frontend Development, Junior / Intern, JavaScript"
Finovation,Junior Web Developer,https://dev.bg/company/jobads/finovation-junior-web-developer/,"PHP, Fullstack Development, Junior / Intern, JavaScript"
Bulcode,Junior PHP Full Stack Developer,https://dev.bg/company/jobads/bulcode-junior-php-full-stack-developer/,"PHP, Fullstack Development, Junior / Intern, JavaScript"
Commerzbank Digital Technology Center,Junior Full Stack Developer (Derivative and Structured Products),https://dev.bg/company/jobads/commerzbank-digital-technology-center-isobar-commerce-junior-full-stack-developer-derivative-and-structured-products/,"Java, Fullstack Development, Junior / Intern, JavaScript, React"
